0,0,0,0,0,0,0,0.46618,0.46618,0,0.6578,0.6578,0,0.82953,0.82953,0,0,0,0,0.58865,0.58865,0,0.13992,0.13992,0,0,0,0,0,0,0,0,0,0,0,0,0,0.31149,0.31149,0,0.53422,0.53422,0,0.21182,0.21182,0,0,0,0,0.27501,0.27501,0,0.19339,0.19339
0,0,0,0,0,0,0.01,0.1638,0.46618,0.01,0.6578,0.6578,0.01,0.82953,0.82953,0,0,0,0.01,0.58865,0.58865,0.01,0.13992,0.13992,0,0,0,0,0,0,0,0,0,0,0,0,0.01,0.31149,0.31149,0.01,0.53422,0.53422,0.01,0.21182,0.21182,0,0,0,0.01,0.27501,0.27501,0.01,0.19339,0.19339
0,0,0,0,0,0,0.02,0.1638,0.46618,0.02,0.6578,0.6578,0.02,0.69574,0.83206,0,0,0,0.02,0.58865,0.58865,0.02,0.13992,0.13992,0,0,0,0,0,0,0,0,0,0,0,0,0.02,0.31149,0.31149,0.02,0.53422,0.53422,0.02,0.21182,0.21182,0,0,0,0.02,0.27501,0.27501,0.02,0.19339,0.19339
0,0,0,0,0,0,0.03,0.1638,0.46618,0.03,0.6578,0.6578,0.03,0.69574,0.83206,0,0,0,0.03,0.58865,0.58865,0.03,0.13992,0.13992,0,0,0,0,0,0,0,0,0,0,0,0,0.03,0.31149,0.31149,0.03,0.53422,0.53422,0.03,0.21182,0.21182,0,0,0,0.03,0.27501,0.27501,0.03,0.19339,0.19339
0,0,0,0,0,0,0.04,0.1638,0.46618,0.04,0.6578,0.6578,0.04,0.69574,0.83206,0,0,0,0.04,0.58865,0.58865,0.04,0.13992,0.13992,0,0,0,0,0,0,0,0,0,0,0,0,0.04,0.31149,0.31149,0.04,0.53422,0.53422,0.04,0.21182,0.21182,0,0,0,0.04,0.27501,0.27501,0.04,0.19339,0.19339
0,0,0,0,0,0,0.05,0.1638,0.46618,0.05,0.6578,0.6578,0.05,0.69574,0.83206,0,0,0,0.05,0.58865,0.58865,0.05,0.13992,0.13992,0,0,0,0,0,0,0,0,0,0,0,0,0.05,0.31149,0.31149,0.05,0.53422,0.53422,0.05,0.21182,0.21182,0,0,0,0.05,0.27501,0.27501,0.05,0.19339,0.19339
0,0,0,0,0,0,0.06,0.1638,0.46618,0.06,0.6578,0.6578,0.06,0.69574,0.83206,0,0,0,0.06,0.58865,0.58865,0.06,0.13992,0.13992,0,0,0,0,0,0,0,0,0,0,0,0,0.06,0.31149,0.31149,0.06,0.53422,0.53422,0.06,0.21182,0.21182,0,0,0,0.06,0.27501,0.27501,0.06,0.19339,0.19339
0,0,0,0,0,0,0.07,0.1638,0.46618,0.07,0.6578,0.6578,0.07,0.69574,0.83206,0,0,0,0.07,0.58865,0.58865,0.07,0.13992,0.13992,0,0,0,0,0,0,0,0,0,0,0,0,0.07,0.31149,0.31149,0.07,0.53422,0.53422,0.07,0.21182,0.21182,0,0,0,0.07,0.27501,0.27501,0.07,0.19339,0.19339
0,0,0,0,0,0,0.08,0.1638,0.46618,0.08,0.6578,0.6578,0.08,0.69574,0.83206,0,0,0,0.08,0.58865,0.58865,0.08,0.13992,0.13992,0,0,0,0,0,0,0,0,0,0,0,0,0.08,0.31149,0.31149,0.08,0.53422,0.53422,0.08,0.21182,0.21182,0,0,0,0.08,0.27501,0.27501,0.08,0.19339,0.19339
0,0,0,0,0,0,0.09,0.1638,0.46618,0.09,0.6578,0.6578,0.09,0.69574,0.83206,0,0,0,0.09,0.58865,0.58865,0.09,0.13992,0.13992,0,0,0,0,0,0,0,0,0,0,0,0,0.09,0.31149,0.31149,0.09,0.53422,0.53422,0.09,0.21182,0.21182,0,0,0,0.09,0.27501,0.27501,0.09,0.19339,0.19339
0,0,0,0,0,0,0.1,0.1638,0.46618,0.1,0.6578,0.6578,0.1,0.69574,0.83206,0,0,0,0.1,0.58865,0.58865,0.1,0.13992,0.13992,0,0,0,0,0,0,0,0,0,0,0,0,0.1,0.31149,0.31149,0.1,0.53422,0.53422,0.1,0.21182,0.21182,0,0,0,0.1,0.27501,0.27501,0.1,0.19339,0.19339
0,0,0,0,0,0,0.11,0.1638,0.46618,0.11,0.6578,0.6578,0.11,0.69574,0.83206,0,0,0,0.11,0.58865,0.58865,0.11,0.13992,0.13992,0,0,0,0,0,0,0,0,0,0,0,0,0.11,0.31149,0.31149,0.11,0.53422,0.53422,0.11,0.21182,0.21182,0,0,0,0.11,0.27501,0.27501,0.11,0.19339,0.19339
0,0,0,0,0,0,0.12,0.1638,0.46618,0.12,0.6578,0.6578,0.12,0.69574,0.83206,0,0,0,0.12,0.58865,0.58865,0.12,0.13992,0.13992,0,0,0,0,0,0,0,0,0,0,0,0,0.12,0.31149,0.31149,0.12,0.53422,0.53422,0.12,0.21182,0.21182,0,0,0,0.12,0.27501,0.27501,0.12,0.19339,0.19339
0,0,0,0,0,0,0.13,0.1638,0.46618,0.13,0.6578,0.6578,0.13,0.69574,0.83206,0,0,0,0.13,0.58865,0.58865,0.13,0.13992,0.13992,0,0,0,0,0,0,0,0,0,0,0,0,0.13,0.31149,0.31149,0.13,0.53422,0.53422,0.13,0.21182,0.21182,0,0,0,0.13,0.27501,0.27501,0.13,0.19339,0.19339
0,0,0,0,0,0,0.14,0.1638,0.46618,0.14,0.6578,0.6578,0.14,0.69574,0.83206,0,0,0,0.14,0.58865,0.58865,0.14,0.13992,0.13992,0,0,0,0,0,0,0,0,0,0,0,0,0.14,0.31149,0.31149,0.14,0.53422,0.53422,0.14,0.21182,0.21182,0,0,0,0.14,0.27501,0.27501,0.14,0.19339,0.19339
0,0,0,0,0,0,0.15,0.1638,0.46618,0.15,0.6578,0.6578,0.15,0.69574,0.83206,0,0,0,0.15,0.58865,0.58865,0.15,0.13992,0.13992,0,0,0,0,0,0,0,0,0,0,0,0,0.15,0.31149,0.31149,0.15,0.53422,0.53422,0.15,0.21182,0.21182,0,0,0,0.15,0.27501,0.27501,0.15,0.19339,0.19339
0,0,0,0,0,0,0.16,0.1638,0.46618,0.16,0.6578,0.6578,0.16,0.69574,0.83206,0,0,0,0.16,0.58865,0.58865,0.16,0.13992,0.13992,0,0,0,0,0,0,0,0,0,0,0,0,0.16,0.31149,0.31149,0.16,0.53422,0.53422,0.16,0.21182,0.21182,0,0,0,0.16,0.27501,0.27501,0.16,0.19339,0.19339
0,0,0,0,0,0,0.17,0.1638,0.46618,0.17,0.6578,0.6578,0.17,0.69574,0.83206,0,0,0,0.17,0.58865,0.58865,0.17,0.13992,0.13992,0,0,0,0,0,0,0,0,0,0,0,0,0.17,0.31149,0.31149,0.17,0.53422,0.53422,0.17,0.21182,0.21182,0,0,0,0.17,0.27501,0.27501,0.17,0.19339,0.19339
0,0,0,0,0,0,0.18,0.1638,0.46618,0.18,0.6578,0.6578,0.18,0.69574,0.83206,0,0,0,0.18,0.58865,0.58865,0.18,0.13992,0.13992,0,0,0,0,0,0,0,0,0,0,0,0,0.18,0.31149,0.31149,0.18,0.53422,0.53422,0.18,0.21182,0.21182,0,0,0,0.18,0.27501,0.27501,0.18,0.19339,0.19339
0,0,0,0,0,0,0.19,0.1638,0.46618,0.19,0.6578,0.6578,0.19,0.69574,0.83206,0,0,0,0.19,0.58865,0.58865,0.19,0.13992,0.13992,0,0,0,0,0,0,0,0,0,0,0,0,0.19,0.31149,0.31149,0.19,0.53422,0.53422,0.19,0.21182,0.21182,0,0,0,0.19,0.27501,0.27501,0.19,0.19339,0.19339
0,0,0,0,0,0,0.2,0.1638,0.46618,0.2,0.6578,0.6578,0.2,0.69574,0.83206,0,0,0,0.2,0.58865,0.58865,0.2,0.13992,0.13992,0,0,0,0,0,0,0,0,0,0,0,0,0.2,0.31149,0.31149,0.2,0.53422,0.53422,0.2,0.21182,0.21182,0,0,0,0.2,0.27501,0.27501,0.2,0.19339,0.19339
0,0,0,0,0,0,0.21,0.1638,0.46618,0.21,0.6578,0.6578,0.21,0.69574,0.83206,0,0,0,0.21,0.58865,0.58865,0.21,0.13992,0.13992,0,0,0,0,0,0,0,0,0,0,0,0,0.21,0.31149,0.31149,0.21,0.53422,0.53422,0.21,0.21182,0.21182,0,0,0,0.21,0.27501,0.27501,0.21,0.19339,0.19339
0,0,0,0,0,0,0.22,0.1638,0.46618,0.22,0.6578,0.6578,0.22,0.69574,0.83206,0,0,0,0.22,0.58865,0.58865,0.22,0.13992,0.13992,0,0,0,0,0,0,0,0,0,0,0,0,0.22,0.31149,0.31149,0.22,0.53422,0.53422,0.22,0.21182,0.21182,0,0,0,0.22,0.27501,0.27501,0.22,0.19339,0.19339
0,0,0,0,0,0,0.23,0.1638,0.46618,0.23,0.6578,0.6578,0.23,0.69574,0.83206,0,0,0,0.23,0.58865,0.58865,0.23,0.13992,0.13992,0,0,0,0,0,0,0,0,0,0,0,0,0.23,0.31149,0.31149,0.23,0.53422,0.53422,0.23,0.21182,0.21182,0,0,0,0.23,0.27501,0.27501,0.23,0.19339,0.19339
0,0,0,0,0,0,0.24,0.1638,0.46618,0.24,0.6578,0.6578,0.24,0.69574,0.83206,0,0,0,0.24,0.58865,0.58865,0.24,0.13992,0.13992,0,0,0,0,0,0,0,0,0,0,0,0,0.24,0.31149,0.31149,0.24,0.53422,0.53422,0.24,0.21182,0.21182,0,0,0,0.24,0.27501,0.27501,0.24,0.19339,0.19339
0,0,0,0,0,0,0.25,0.1638,0.46618,0.25,0.6578,0.6578,0.25,0.69574,0.83206,0,0,0,0.25,0.58865,0.58865,0.25,0.13992,0.13992,0,0,0,0,0,0,0,0,0,0,0,0,0.25,0.31149,0.31149,0.25,0.53422,0.53422,0.25,0.21182,0.21182,0,0,0,0.25,0.27501,0.27501,0.25,0.19339,0.19339
0,0,0,0,0,0,0.26,0.1638,0.46618,0.26,0.6578,0.6578,0.26,0.69574,0.83206,0,0,0,0.26,0.58865,0.58865,0.26,0.13992,0.13992,0,0,0,0,0,0,0,0,0,0,0,0,0.26,0.31149,0.31149,0.26,0.53422,0.53422,0.26,0.21182,0.21182,0,0,0,0.26,0.27501,0.27501,0.26,0.19339,0.19339
0,0,0,0,0,0,0.27,0.1638,0.46618,0.27,0.52159,0.70737,0.27,0.5158,0.8971,0,0,0,0.27,0.58865,0.58865,0.27,0.13992,0.13992,0,0,0,0,0,0,0,0,0,0,0,0,0.27,0.31149,0.31149,0.27,0.43574,0.57006,0.27,0.21182,0.21182,0,0,0,0.27,0.27501,0.27501,0.27,0.19339,0.19339
0,0,0,0,0,0,0.28,0.1638,0.46618,0.28,0.52159,0.70737,0.28,0.5158,0.8971,0,0,0,0.28,0.58865,0.58865,0.28,0.13992,0.13992,0,0,0,0,0,0,0,0,0,0,0,0,0.28,0.31149,0.31149,0.28,0.43574,0.57006,0.28,0.21182,0.21182,0,0,0,0.28,0.27501,0.27501,0.28,0.19339,0.19339
0,0,0,0,0,0,0.29,0.1638,0.46618,0.29,0.52159,0.70737,0.29,0.5158,0.8971,0,0,0,0.29,0.58865,0.58865,0.29,0.13992,0.13992,0,0,0,0,0,0,0,0,0,0,0,0,0.29,0.31149,0.31149,0.29,0.43574,0.57006,0.29,0.21182,0.21182,0,0,0,0.29,0.27501,0.27501,0.29,0.19339,0.19339
0,0,0,0,0,0,0.3,0.1638,0.46618,0.3,0.52159,0.70737,0.3,0.5158,0.8971,0,0,0,0.3,0.58865,0.58865,0.3,0.13992,0.13992,0,0,0,0,0,0,0,0,0,0,0,0,0.3,0.31149,0.31149,0.3,0.43574,0.57006,0.3,0.21182,0.21182,0,0,0,0.3,0.27501,0.27501,0.3,0.19339,0.19339
0,0,0,0,0,0,0.31,0.1638,0.46618,0.31,0.52159,0.70737,0.31,0.5158,0.8971,0,0,0,0.31,0.58865,0.58865,0.31,0.13992,0.13992,0,0,0,0,0,0,0,0,0,0,0,0,0.31,0.31149,0.31149,0.31,0.43574,0.57006,0.31,0.21182,0.21182,0,0,0,0.31,0.27235,0.27616,0.31,0.19339,0.19339
0,0,0,0,0,0,0.32,0.1638,0.46618,0.32,0.52159,0.70737,0.32,0.5158,0.8971,0,0,0,0.32,0.58865,0.58865,0.32,0.13992,0.13992,0,0,0,0,0,0,0,0,0,0,0,0,0.32,0.31149,0.31149,0.32,0.43574,0.57006,0.32,0.21182,0.21182,0,0,0,0.32,0.27235,0.27616,0.32,0.19339,0.19339
0,0,0,0,0,0,0.33,0.1638,0.46618,0.33,0.52159,0.70737,0.33,0.5158,0.8971,0,0,0,0.33,0.58865,0.58865,0.33,0.13992,0.13992,0,0,0,0,0,0,0,0,0,0,0,0,0.33,0.31149,0.31149,0.33,0.43574,0.57006,0.33,0.21182,0.21182,0,0,0,0.33,0.27235,0.27616,0.33,0.19339,0.19339
0,0,0,0,0,0,0.34,0.1638,0.46618,0.34,0.52159,0.70737,0.34,0.5158,0.8971,0,0,0,0.34,0.58865,0.58865,0.34,0.13992,0.13992,0,0,0,0,0,0,0,0,0,0,0,0,0.34,0.29987,0.3173,0.34,0.43574,0.57006,0.34,0.21182,0.21182,0,0,0,0.34,0.26675,0.27904,0.34,0.19339,0.19339
0,0,0,0,0,0,0.35,0.1638,0.46618,0.35,0.52159,0.70737,0.35,0.5158,0.8971,0,0,0,0.35,0.58865,0.58865,0.35,0.13992,0.13992,0,0,0,0,0,0,0,0,0,0,0,0,0.35,0.29987,0.3173,0.35,0.43574,0.57006,0.35,0.21182,0.21182,0,0,0,0.35,0.24924,0.28816,0.35,0.19339,0.19339
0,0,0,0,0,0,0.36,0.1638,0.46618,0.36,0.52159,0.70737,0.36,0.5158,0.8971,0,0,0,0.36,0.58865,0.58865,0.36,0.13992,0.13992,0,0,0,0,0,0,0,0,0,0,0,0,0.36,0.29987,0.3173,0.36,0.43574,0.57006,0.36,0.21182,0.21182,0,0,0,0.36,0.24924,0.28816,0.36,0.19339,0.19339
0,0,0,0,0,0,0.37,0.1638,0.46618,0.37,0.52159,0.70737,0.37,0.5158,0.8971,0,0,0,0.37,0.58865,0.58865,0.37,0.13992,0.13992,0,0,0,0,0,0,0,0,0,0,0,0,0.37,0.29987,0.3173,0.37,0.43574,0.57006,0.37,0.21182,0.21182,0,0,0,0.37,0.24924,0.28816,0.37,0.19339,0.19339
0,0,0,0,0,0,0.38,0.1638,0.46618,0.38,0.52159,0.70737,0.38,0.5158,0.8971,0,0,0,0.38,0.58865,0.58865,0.38,0.13992,0.13992,0,0,0,0,0,0,0,0,0,0,0,0,0.38,0.29868,0.31803,0.38,0.43574,0.57006,0.38,0.21182,0.21182,0,0,0,0.38,0.24924,0.28816,0.38,0.19339,0.19339
0,0,0,0,0,0,0.39,0.1638,0.46618,0.39,0.52159,0.70737,0.39,0.5158,0.8971,0,0,0,0.39,0.58865,0.58865,0.39,0.13992,0.13992,0,0,0,0,0,0,0,0,0,0,0,0,0.39,0.29868,0.31803,0.39,0.38287,0.60338,0.39,0.21182,0.21182,0,0,0,0.39,0.24887,0.28839,0.39,0.19339,0.19339
0,0,0,0,0,0,0.4,0.1638,0.46618,0.4,0.47191,0.74013,0.4,0.5158,0.8971,0,0,0,0.4,0.58865,0.58865,0.4,0.13992,0.13992,0,0,0,0,0,0,0,0,0,0,0,0,0.4,0.29868,0.31803,0.4,0.3525,0.62334,0.4,0.21182,0.21182,0,0,0,0.4,0.24887,0.28839,0.4,0.19339,0.19339
0,0,0,0,0,0,0.41,0.1638,0.46618,0.41,0.47191,0.74013,0.41,0.5158,0.8971,0,0,0,0.41,0.58865,0.58865,0.41,0.13992,0.13992,0,0,0,0,0,0,0,0,0,0,0,0,0.41,0.29868,0.31803,0.41,0.3525,0.62334,0.41,0.21182,0.21182,0,0,0,0.41,0.24887,0.28839,0.41,0.19339,0.19339
0,0,0,0,0,0,0.42,0.1638,0.46618,0.42,0.47191,0.74013,0.42,0.5158,0.8971,0,0,0,0.42,0.58865,0.58865,0.42,0.13992,0.13992,0,0,0,0,0,0,0,0,0,0,0,0,0.42,0.29868,0.31803,0.42,0.3525,0.62334,0.42,0.21182,0.21182,0,0,0,0.42,0.24887,0.28839,0.42,0.19339,0.19339
0,0,0,0,0,0,0.43,0.1638,0.46618,0.43,0.47191,0.74013,0.43,0.5158,0.8971,0,0,0,0.43,0.58865,0.58865,0.43,0.13992,0.13992,0,0,0,0,0,0,0,0,0,0,0,0,0.43,0.28418,0.32892,0.43,0.3525,0.62334,0.43,0.21182,0.21182,0,0,0,0.43,0.24875,0.28847,0.43,0.19339,0.19339
0,0,0,0,0,0,0.44,0.1638,0.46618,0.44,0.47191,0.74013,0.44,0.5158,0.8971,0,0,0,0.44,0.58865,0.58865,0.44,0.13992,0.13992,0,0,0,0,0,0,0,0,0,0,0,0,0.44,0.27833,0.3334,0.44,0.3525,0.62334,0.44,0.21182,0.21182,0,0,0,0.44,0.20566,0.32116,0.44,0.19339,0.19339
0,0,0,0,0,0,0.45,0.1638,0.46618,0.45,0.47191,0.74013,0.45,0.5158,0.8971,0,0,0,0.45,0.56351,0.60861,0.45,0.13992,0.13992,0,0,0,0,0,0,0,0,0,0,0,0,0.45,0.27833,0.3334,0.45,0.3525,0.62334,0.45,0.21182,0.21182,0,0,0,0.45,0.20566,0.32116,0.45,0.19339,0.19339
0,0,0,0,0,0,0.46,0.1638,0.46618,0.46,0.47191,0.74013,0.46,0.5158,0.8971,0,0,0,0.46,0.47001,0.68555,0.46,0.13992,0.13992,0,0,0,0,0,0,0,0,0,0,0,0,0.46,0.27833,0.3334,0.46,0.3525,0.62334,0.46,0.21182,0.21182,0,0,0,0.46,0.20566,0.32116,0.46,0.19339,0.19339
0,0,0,0,0,0,0.47,0.1638,0.46618,0.47,0.47191,0.74013,0.47,0.5158,0.8971,0,0,0,0.47,0.47001,0.68555,0.47,0.13992,0.13992,0,0,0,0,0,0,0,0,0,0,0,0,0.47,0.27833,0.3334,0.47,0.3525,0.62334,0.47,0.21182,0.21182,0,0,0,0.47,0.20566,0.32116,0.47,0.19339,0.19339
0,0,0,0,0,0,0.48,0.1638,0.46618,0.48,0.47191,0.74013,0.48,0.5158,0.8971,0,0,0,0.48,0.47001,0.68555,0.48,0.13992,0.13992,0,0,0,0,0,0,0,0,0,0,0,0,0.48,0.27833,0.3334,0.48,0.3525,0.62334,0.48,0.21182,0.21182,0,0,0,0.48,0.20566,0.32116,0.48,0.19339,0.19339
0,0,0,0,0,0,0.49,0.1638,0.46618,0.49,0.47191,0.74013,0.49,0.5158,0.8971,0,0,0,0.49,0.47001,0.68555,0.49,0.13992,0.13992,0,0,0,0,0,0,0,0,0,0,0,0,0.49,0.27833,0.3334,0.49,0.3525,0.62334,0.49,0.21182,0.21182,0,0,0,0.49,0.20566,0.32116,0.49,0.19339,0.19339
0,0,0,0,0,0,0.5,0.1638,0.46618,0.5,0.47191,0.74013,0.5,0.5158,0.8971,0,0,0,0.5,0.47001,0.68555,0.5,0.13992,0.13992,0,0,0,0,0,0,0,0,0,0,0,0,0.5,0.27775,0.33398,0.5,0.3525,0.62334,0.5,0.21182,0.21182,0,0,0,0.5,0.20566,0.32116,0.5,0.19339,0.19339
0,0,0,0,0,0,0.51,0.1638,0.46618,0.51,0.47191,0.74013,0.51,0.5158,0.8971,0,0,0,0.51,0.47001,0.68555,0.51,0.13992,0.13992,0,0,0,0,0,0,0,0,0,0,0,0,0.51,0.27775,0.33398,0.51,0.3525,0.62334,0.51,0.21182,0.21182,0,0,0,0.51,0.18984,0.33722,0.51,0.19339,0.19339
0,0,0,0,0,0,0.52,0.1638,0.46618,0.52,0.47191,0.74013,0.52,0.5158,0.8971,0,0,0,0.52,0.47001,0.68555,0.52,0.13992,0.13992,0,0,0,0,0,0,0,0,0,0,0,0,0.52,0.27775,0.33398,0.52,0.3525,0.62334,0.52,0.21182,0.21182,0,0,0,0.52,0.18313,0.34434,0.52,0.19339,0.19339
0,0,0,0,0,0,0.53,0.1638,0.46618,0.53,0.47191,0.74013,0.53,0.5158,0.8971,0,0,0,0.53,0.47001,0.68555,0.53,0.13992,0.13992,0,0,0,0,0,0,0,0,0,0,0,0,0.53,0.27775,0.33398,0.53,0.3525,0.62334,0.53,0.21182,0.21182,0,0,0,0.53,0.18313,0.34434,0.53,0.19339,0.19339
0,0,0,0,0,0,0.54,0.1638,0.46618,0.54,0.47191,0.74013,0.54,0.5158,0.8971,0,0,0,0.54,0.47001,0.68555,0.54,0.13992,0.13992,0,0,0,0,0,0,0,0,0,0,0,0,0.54,0.27775,0.33398,0.54,0.3525,0.62334,0.54,0.21182,0.21182,0,0,0,0.54,0.18313,0.34434,0.54,0.19339,0.19339
0,0,0,0,0,0,0.55,0.1638,0.46618,0.55,0.47191,0.74013,0.55,0.5158,0.8971,0,0,0,0.55,0.47001,0.68555,0.55,0.13853,0.14161,0,0,0,0,0,0,0,0,0,0,0,0,0.55,0.27775,0.33398,0.55,0.3525,0.62334,0.55,0.21182,0.21182,0,0,0,0.55,0.18313,0.34434,0.55,0.19339,0.19339
0,0,0,0,0,0,0.56,0.1638,0.46618,0.56,0.47191,0.74013,0.56,0.5158,0.8971,0,0,0,0.56,0.47001,0.68555,0.56,0.13853,0.14161,0,0,0,0,0,0,0,0,0,0,0,0,0.56,0.27775,0.33398,0.56,0.3525,0.62334,0.56,0.21182,0.21182,0,0,0,0.56,0.18181,0.34596,0.56,0.19339,0.19339
0,0,0,0,0,0,0.57,0.1638,0.46618,0.57,0.47191,0.74013,0.57,0.5158,0.8971,0,0,0,0.57,0.47001,0.68555,0.57,0.13853,0.14161,0,0,0,0,0,0,0,0,0,0,0,0,0.57,0.27775,0.33398,0.57,0.3525,0.62334,0.57,0.21182,0.21182,0,0,0,0.57,0.18181,0.34596,0.57,0.19339,0.19339
0,0,0,0,0,0,0.58,0.1638,0.46618,0.58,0.47191,0.74013,0.58,0.5158,0.8971,0,0,0,0.58,0.47001,0.68555,0.58,0.13395,0.14792,0,0,0,0,0,0,0,0,0,0,0,0,0.58,0.27775,0.33398,0.58,0.3525,0.62334,0.58,0.21182,0.21182,0,0,0,0.58,0.18181,0.34596,0.58,0.19339,0.19339
0,0,0,0,0,0,0.59,0.1638,0.46618,0.59,0.47191,0.74013,0.59,0.5158,0.8971,0,0,0,0.59,0.47001,0.68555,0.59,0.13395,0.14792,0,0,0,0,0,0,0,0,0,0,0,0,0.59,0.27775,0.33398,0.59,0.3525,0.62334,0.59,0.21182,0.21182,0,0,0,0.59,0.18181,0.34596,0.59,0.19339,0.19339
0,0,0,0,0,0,0.6,0.1638,0.46618,0.6,0.47191,0.74013,0.6,0.5158,0.8971,0,0,0,0.6,0.47001,0.68555,0.6,0.13395,0.14792,0,0,0,0,0,0,0,0,0,0,0,0,0.6,0.27775,0.33398,0.6,0.3525,0.62334,0.6,0.21182,0.21182,0,0,0,0.6,0.18181,0.34596,0.6,0.18984,0.19871
0,0,0,0,0,0,0.61,0.12926,0.5193,0.61,0.47191,0.74013,0.61,0.5158,0.8971,0,0,0,0.61,0.47001,0.68555,0.61,0.13395,0.14792,0,0,0,0,0,0,0,0,0,0,0,0,0.61,0.27775,0.33398,0.61,0.3525,0.62334,0.61,0.21182,0.21182,0,0,0,0.61,0.17977,0.34912,0.61,0.18984,0.19871
0,0,0,0,0,0,0.62,0.12926,0.5193,0.62,0.47191,0.74013,0.62,0.5158,0.8971,0,0,0,0.62,0.47001,0.68555,0.62,0.13395,0.14792,0,0,0,0,0,0,0,0,0,0,0,0,0.62,0.27686,0.33541,0.62,0.3525,0.62334,0.62,0.21182,0.21182,0,0,0,0.62,0.17977,0.34912,0.62,0.18984,0.19871
0,0,0,0,0,0,0.63,0.12926,0.5193,0.63,0.47191,0.74013,0.63,0.5158,0.8971,0,0,0,0.63,0.47001,0.68555,0.63,0.13214,0.15093,0,0,0,0,0,0,0,0,0,0,0,0,0.63,0.27686,0.33541,0.63,0.3525,0.62334,0.63,0.21182,0.21182,0,0,0,0.63,0.17977,0.34912,0.63,0.18984,0.19871
0,0,0,0,0,0,0.64,0.12926,0.5193,0.64,0.47191,0.74013,0.64,0.5158,0.8971,0,0,0,0.64,0.47001,0.68555,0.64,0.13116,0.15263,0,0,0,0,0,0,0,0,0,0,0,0,0.64,0.27686,0.33541,0.64,0.3525,0.62334,0.64,0.21182,0.21182,0,0,0,0.64,0.17667,0.35445,0.64,0.18498,0.20721
0,0,0,0,0,0,0.65,0.12926,0.5193,0.65,0.47191,0.74013,0.65,0.5158,0.8971,0,0,0,0.65,0.47001,0.68555,0.65,0.13116,0.15263,0,0,0,0,0,0,0,0,0,0,0,0,0.65,0.27686,0.33541,0.65,0.3525,0.62334,0.65,0.21182,0.21182,0,0,0,0.65,0.17667,0.35445,0.65,0.18384,0.20931
0,0,0,0,0,0,0.66,0.12926,0.5193,0.66,0.47191,0.74013,0.66,0.5158,0.8971,0,0,0,0.66,0.47001,0.68555,0.66,0.13116,0.15263,0,0,0,0,0,0,0,0,0,0,0,0,0.66,0.27583,0.33735,0.66,0.3525,0.62334,0.66,0.21182,0.21182,0,0,0,0.66,0.17667,0.35445,0.66,0.18384,0.20931
0,0,0,0,0,0,0.67,0.12926,0.5193,0.67,0.47191,0.74013,0.67,0.5158,0.8971,0,0,0,0.67,0.47001,0.68555,0.67,0.13116,0.15263,0,0,0,0,0,0,0,0,0,0,0,0,0.67,0.27583,0.33735,0.67,0.3525,0.62334,0.67,0.21182,0.21182,0,0,0,0.67,0.17667,0.35445,0.67,0.1748,0.22749
0,0,0,0,0,0,0.68,0.12926,0.5193,0.68,0.47191,0.74013,0.68,0.5158,0.8971,0,0,0,0.68,0.47001,0.68555,0.68,0.13116,0.15263,0,0,0,0,0,0,0,0,0,0,0,0,0.68,0.27583,0.33735,0.68,0.3525,0.62334,0.68,0.21182,0.21182,0,0,0,0.68,0.17667,0.35445,0.68,0.1748,0.22749
0,0,0,0,0,0,0.69,0.12926,0.5193,0.69,0.47191,0.74013,0.69,0.5158,0.8971,0,0,0,0.69,0.47001,0.68555,0.69,0.13116,0.15263,0,0,0,0,0,0,0,0,0,0,0,0,0.69,0.27583,0.33735,0.69,0.3525,0.62334,0.69,0.21182,0.21182,0,0,0,0.69,0.17667,0.35445,0.69,0.1748,0.22749
0,0,0,0,0,0,0.7,0.1282,0.52171,0.7,0.47191,0.74013,0.7,0.5158,0.8971,0,0,0,0.7,0.47001,0.68555,0.7,0.13116,0.15263,0,0,0,0,0,0,0,0,0,0,0,0,0.7,0.27583,0.33735,0.7,0.3525,0.62334,0.7,0.21182,0.21182,0,0,0,0.7,0.17667,0.35445,0.7,0.1748,0.22749
0,0,0,0,0,0,0.71,0.1282,0.52171,0.71,0.47191,0.74013,0.71,0.5158,0.8971,0,0,0,0.71,0.47001,0.68555,0.71,0.13116,0.15263,0,0,0,0,0,0,0,0,0,0,0,0,0.71,0.27583,0.33735,0.71,0.3525,0.62334,0.71,0.21182,0.21182,0,0,0,0.71,0.17667,0.35445,0.71,0.1748,0.22749
0,0,0,0,0,0,0.72,0.1282,0.52171,0.72,0.47191,0.74013,0.72,0.5158,0.8971,0,0,0,0.72,0.47001,0.68555,0.72,0.12906,0.15802,0,0,0,0,0,0,0,0,0,0,0,0,0.72,0.27583,0.33735,0.72,0.3525,0.62334,0.72,0.21182,0.21182,0,0,0,0.72,0.17667,0.35445,0.72,0.1748,0.22749
0,0,0,0,0,0,0.73,0.1282,0.52171,0.73,0.47191,0.74013,0.73,0.5158,0.8971,0,0,0,0.73,0.47001,0.68555,0.73,0.12906,0.15802,0,0,0,0,0,0,0,0,0,0,0,0,0.73,0.27583,0.33735,0.73,0.3525,0.62334,0.73,0.21182,0.21182,0,0,0,0.73,0.17667,0.35445,0.73,0.1748,0.22749
0,0,0,0,0,0,0.74,0.12672,0.52591,0.74,0.47191,0.74013,0.74,0.5158,0.8971,0,0,0,0.74,0.47001,0.68555,0.74,0.12906,0.15802,0,0,0,0,0,0,0,0,0,0,0,0,0.74,0.26987,0.35361,0.74,0.3525,0.62334,0.74,0.21182,0.21182,0,0,0,0.74,0.17667,0.35445,0.74,0.17016,0.24044
0,0,0,0,0,0,0.75,0.12672,0.52591,0.75,0.47191,0.74013,0.75,0.5158,0.8971,0,0,0,0.75,0.47001,0.68555,0.75,0.12906,0.15802,0,0,0,0,0,0,0,0,0,0,0,0,0.75,0.26455,0.36906,0.75,0.3525,0.62334,0.75,0.21182,0.21182,0,0,0,0.75,0.17667,0.35445,0.75,0.17016,0.24044
0,0,0,0,0,0,0.76,0.12672,0.52591,0.76,0.47191,0.74013,0.76,0.5158,0.8971,0,0,0,0.76,0.47001,0.68555,0.76,0.12774,0.16199,0,0,0,0,0,0,0,0,0,0,0,0,0.76,0.2611,0.37942,0.76,0.3525,0.62334,0.76,0.21182,0.21182,0,0,0,0.76,0.17667,0.35445,0.76,0.17016,0.24044
0,0,0,0,0,0,0.77,0.12612,0.52789,0.77,0.47191,0.74013,0.77,0.5158,0.8971,0,0,0,0.77,0.47001,0.68555,0.77,0.12774,0.16199,0,0,0,0,0,0,0,0,0,0,0,0,0.77,0.2611,0.37942,0.77,0.3525,0.62334,0.77,0.21182,0.21182,0,0,0,0.77,0.17667,0.35445,0.77,0.17016,0.24044
0,0,0,0,0,0,0.78,0.12612,0.52789,0.78,0.47191,0.74013,0.78,0.5158,0.8971,0,0,0,0.78,0.47001,0.68555,0.78,0.12774,0.16199,0,0,0,0,0,0,0,0,0,0,0,0,0.78,0.2611,0.37942,0.78,0.3525,0.62334,0.78,0.21182,0.21182,0,0,0,0.78,0.17667,0.35445,0.78,0.16099,0.27191
0,0,0,0,0,0,0.79,0.12612,0.52789,0.79,0.47191,0.74013,0.79,0.5158,0.8971,0,0,0,0.79,0.47001,0.68555,0.79,0.12774,0.16199,0,0,0,0,0,0,0,0,0,0,0,0,0.79,0.2611,0.37942,0.79,0.3525,0.62334,0.79,0.21182,0.21182,0,0,0,0.79,0.17579,0.35759,0.79,0.16099,0.27191
0,0,0,0,0,0,0.8,0.11973,0.55214,0.8,0.47191,0.74013,0.8,0.5158,0.8971,0,0,0,0.8,0.47001,0.68555,0.8,0.12705,0.16471,0,0,0,0,0,0,0,0,0,0,0,0,0.8,0.25096,0.41851,0.8,0.3525,0.62334,0.8,0.21182,0.21182,0,0,0,0.8,0.17579,0.35759,0.8,0.16099,0.27191
0,0,0,0,0,0,0.81,0.11973,0.55214,0.81,0.47191,0.74013,0.81,0.5158,0.8971,0,0,0,0.81,0.47001,0.68555,0.81,0.12422,0.17629,0,0,0,0,0,0,0,0,0,0,0,0,0.81,0.25096,0.41851,0.81,0.3525,0.62334,0.81,0.21182,0.21182,0,0,0,0.81,0.17579,0.35759,0.81,0.16099,0.27191
0,0,0,0,0,0,0.82,0.11973,0.55214,0.82,0.47191,0.74013,0.82,0.5158,0.8971,0,0,0,0.82,0.47001,0.68555,0.82,0.12422,0.17629,0,0,0,0,0,0,0,0,0,0,0,0,0.82,0.25017,0.42212,0.82,0.3525,0.62334,0.82,0.21182,0.21182,0,0,0,0.82,0.17579,0.35759,0.82,0.16099,0.27191
0,0,0,0,0,0,0.83,0.11973,0.55214,0.83,0.47191,0.74013,0.83,0.5158,0.8971,0,0,0,0.83,0.47001,0.68555,0.83,0.12422,0.17629,0,0,0,0,0,0,0,0,0,0,0,0,0.83,0.25017,0.42212,0.83,0.3525,0.62334,0.83,0.21182,0.21182,0,0,0,0.83,0.17579,0.35759,0.83,0.16099,0.27191
0,0,0,0,0,0,0.84,0.11973,0.55214,0.84,0.47191,0.74013,0.84,0.5158,0.8971,0,0,0,0.84,0.47001,0.68555,0.84,0.12372,0.17877,0,0,0,0,0,0,0,0,0,0,0,0,0.84,0.25017,0.42212,0.84,0.3525,0.62334,0.84,0.21182,0.21182,0,0,0,0.84,0.17419,0.3656,0.84,0.16099,0.27191
0,0,0,0,0,0,0.85,0.11973,0.55214,0.85,0.47191,0.74013,0.85,0.5158,0.8971,0,0,0,0.85,0.47001,0.68555,0.85,0.12372,0.17877,0,0,0,0,0,0,0,0,0,0,0,0,0.85,0.25017,0.42212,0.85,0.3525,0.62334,0.85,0.21182,0.21182,0,0,0,0.85,0.17419,0.3656,0.85,0.16099,0.27191
0,0,0,0,0,0,0.86,0.11785,0.56359,0.86,0.47191,0.74013,0.86,0.5158,0.8971,0,0,0,0.86,0.47001,0.68555,0.86,0.12372,0.17877,0,0,0,0,0,0,0,0,0,0,0,0,0.86,0.25017,0.42212,0.86,0.3525,0.62334,0.86,0.21182,0.21182,0,0,0,0.86,0.17419,0.3656,0.86,0.16099,0.27191
0,0,0,0,0,0,0.87,0.11785,0.56359,0.87,0.47191,0.74013,0.87,0.5158,0.8971,0,0,0,0.87,0.47001,0.68555,0.87,0.12372,0.17877,0,0,0,0,0,0,0,0,0,0,0,0,0.87,0.25017,0.42212,0.87,0.3525,0.62334,0.87,0.21182,0.21182,0,0,0,0.87,0.17419,0.3656,0.87,0.16099,0.27191
0,0,0,0,0,0,0.88,0.11785,0.56359,0.88,0.47191,0.74013,0.88,0.5158,0.8971,0,0,0,0.88,0.47001,0.68555,0.88,0.12372,0.17877,0,0,0,0,0,0,0,0,0,0,0,0,0.88,0.24962,0.42589,0.88,0.3525,0.62334,0.88,0.21182,0.21182,0,0,0,0.88,0.17171,0.38231,0.88,0.16099,0.27191
0,0,0,0,0,0,0.89,0.11785,0.56359,0.89,0.47191,0.74013,0.89,0.5158,0.8971,0,0,0,0.89,0.47001,0.68555,0.89,0.12317,0.18287,0,0,0,0,0,0,0,0,0,0,0,0,0.89,0.24962,0.42589,0.89,0.3525,0.62334,0.89,0.21182,0.21182,0,0,0,0.89,0.17171,0.38231,0.89,0.16099,0.27191
0,0,0,0,0,0,0.9,0.11785,0.56359,0.9,0.47191,0.74013,0.9,0.5158,0.8971,0,0,0,0.9,0.47001,0.68555,0.9,0.12317,0.18287,0,0,0,0,0,0,0,0,0,0,0,0,0.9,0.24962,0.42589,0.9,0.3525,0.62334,0.9,0.21182,0.21182,0,0,0,0.9,0.17171,0.38231,0.9,0.15991,0.28159
0,0,0,0,0,0,0.91,0.11785,0.56359,0.91,0.47191,0.74013,0.91,0.5158,0.8971,0,0,0,0.91,0.47001,0.68555,0.91,0.12317,0.18287,0,0,0,0,0,0,0,0,0,0,0,0,0.91,0.24643,0.45792,0.91,0.3525,0.62334,0.91,0.21182,0.21182,0,0,0,0.91,0.17171,0.38231,0.91,0.15936,0.28672
0,0,0,0,0,0,0.92,0.11785,0.56359,0.92,0.47191,0.74013,0.92,0.5158,0.8971,0,0,0,0.92,0.47001,0.68555,0.92,0.12228,0.1925,0,0,0,0,0,0,0,0,0,0,0,0,0.92,0.24643,0.45792,0.92,0.3525,0.62334,0.92,0.21182,0.21182,0,0,0,0.92,0.17171,0.38231,0.92,0.15936,0.28672
0,0,0,0,0,0,0.93,0.11776,0.56462,0.93,0.47191,0.74013,0.93,0.5158,0.8971,0,0,0,0.93,0.47001,0.68555,0.93,0.12228,0.1925,0,0,0,0,0,0,0,0,0,0,0,0,0.93,0.24643,0.45792,0.93,0.3525,0.62334,0.93,0.21182,0.21182,0,0,0,0.93,0.17171,0.38231,0.93,0.15908,0.2902
0,0,0,0,0,0,0.94,0.11776,0.56462,0.94,0.47191,0.74013,0.94,0.5158,0.8971,0,0,0,0.94,0.47001,0.68555,0.94,0.12228,0.1925,0,0,0,0,0,0,0,0,0,0,0,0,0.94,0.24568,0.46832,0.94,0.3525,0.62334,0.94,0.21182,0.21182,0,0,0,0.94,0.17171,0.38231,0.94,0.15908,0.2902
0,0,0,0,0,0,0.95,0.11776,0.56462,0.95,0.47191,0.74013,0.95,0.5158,0.8971,0,0,0,0.95,0.47001,0.68555,0.95,0.12228,0.1925,0,0,0,0,0,0,0,0,0,0,0,0,0.95,0.24568,0.46832,0.95,0.3525,0.62334,0.95,0.21182,0.21182,0,0,0,0.95,0.17171,0.38231,0.95,0.15893,0.29273
0,0,0,0,0,0,0.96,0.11776,0.56462,0.96,0.47191,0.74013,0.96,0.5158,0.8971,0,0,0,0.96,0.47001,0.68555,0.96,0.12228,0.1925,0,0,0,0,0,0,0,0,0,0,0,0,0.96,0.24555,0.47111,0.96,0.3525,0.62334,0.96,0.21149,0.21897,0,0,0,0.96,0.17171,0.38231,0.96,0.15893,0.29273
0,0,0,0,0,0,0.97,0.11776,0.56462,0.97,0.47191,0.74013,0.97,0.5158,0.8971,0,0,0,0.97,0.47001,0.68555,0.97,0.12228,0.19267,0,0,0,0,0,0,0,0,0,0,0,0,0.97,0.24548,0.4729,0.97,0.3525,0.62334,0.97,0.21149,0.21897,0,0,0,0.97,0.17171,0.38231,0.97,0.15875,0.29826
0,0,0,0,0,0,0.98,0.11776,0.56462,0.98,0.47191,0.74013,0.98,0.5158,0.8971,0,0,0,0.98,0.47001,0.68555,0.98,0.12166,0.21567,0,0,0,0,0,0,0,0,0,0,0,0,0.98,0.24548,0.4729,0.98,0.3525,0.62334,0.98,0.21126,0.22684,0,0,0,0.98,0.17138,0.39737,0.98,0.15875,0.29826
0,0,0,0,0,0,0.99,0.11776,0.56462,0.99,0.47191,0.74013,0.99,0.5158,0.8971,0,0,0,0.99,0.47001,0.68555,0.99,0.12166,0.21567,0,0,0,0,0,0,0,0,0,0,0,0,0.99,0.24548,0.4729,0.99,0.3525,0.62334,0.99,0.21126,0.22684,0,0,0,0.99,0.17083,0.43467,0.99,0.15875,0.29826
0,0,0,0,0,0,1,0.11776,0.56462,1,0.47191,0.74013,1,0.5158,0.8971,0,0,0,1,0.47001,0.68555,1,0.12166,0.21567,0,0,0,0,0,0,0,0,0,0,0,0,1,0.24548,0.4729,1,0.3525,0.62334,1,0.21126,0.22684,0,0,0,1,0.17083,0.43467,1,0.15875,0.29826
